{
    "banner": {
        "builder": true,
        "no_selection": true,
        "name": "Banner Section",
        "content": {
            "heading": "text",
            "images": {
                "background_image": {
                    "size": "960x330"
                }
            }
        }
    },
    "notice_bar": {
        "builder": true,
        "no_selection": true,
        "name": "Notice Bar Section",
        "content": {
            "title": "text"
        }
    },
    "breadcrumb": {
        "builder": true,
        "no_selection": true,
        "name": "Breadcrumb Section",
        "content": {
            "images": {
                "background_image": {
                    "size": "900x600"
                }
            }
        }
    },
    "faq": {
        "builder": true,
        "name": "FAQ Section",
        "content": {
            "heading": "text"
        },
        "element": {
            "question": "text",
            "answer": "textarea",
            "modal": true
        }
    },
    "testimonial": {
        "builder": true,
        "name": "Testimonial Section",
        "content": {
            "heading": "text",
            "subheading": "text"
        },
        "element": {
            "images": {
                "client_image": {
                    "size": "90x90"
                }
            },
            "name": "text",
            "designation": "text",
            "description": "textarea",
            "select": {
                "name": "rating",
                "options": {
                    "1": "1 Star",
                    "2": "2 Star",
                    "3": "3 Star",
                    "4": "4 Star",
                    "5": "5 Star"
                }
            },
            "modal": false
        }
    },
    "blog": {
        "builder": true,
        "name": "Blog Section",
        "content": {
            "heading": "text",
            "subheading": "text"
        },
        "element": {
            "images": {
                "blog_image": {
                    "size": "820x440",
                    "thumb": "410x220"
                }
            },
            "title": "text",
            "description": "textarea-nic",
            "modal": false
        }
    },
    "payment_gateway": {
        "builder": true,
        "name": "Payment Gateways",
        "content": {
            "heading": "text"
        },
        "element": {
            "images": {
                "gateway_image": {
                    "size": "160x50"
                }
            },
            "modal": true
        }
    },
    "footer": {
        "builder": true,
        "no_selection": true,
        "name": "Footer Section",
        "content": {
            "details": "textarea",
            "copyright": "text"
        }
    },
    "social_icons": {
        "builder": true,
        "no_selection": true,
        "name": "Social Icon Section",
        "element": {
            "name": "text",
            "icon": "icon",
            "url": "text",
            "modal": true
        }
    },
    "about": {
        "builder": true,
        "name": "About Us",
        "content": {
            "images": {
                "about_image": {
                    "size": "1100x700"
                }
            },
            "heading": "text",
            "subheading": "text",
            "description": "textarea-nic"
        }
    },
    "policy_pages": {
        "builder": true,
        "no_selection": true,
        "name": "Policy Section",
        "element": {
            "title": "text",
            "description": "textarea-nic",
            "modal": false
        }
    },
    "contact_us": {
        "builder": true,
        "no_selection": true,
        "name": "Contact Us",
        "content": {
            "heading": "text",
            "subheading": "text",
            "map_url": "text"
        },
        "element": {
            "images": {
                "icon": {
                    "size": "60x60"
                }
            },
            "heading": "text",
            "subheading": "text",
            "value": "text",
            "modal": true
        }
    },
    "login": {
        "builder": true,
        "no_selection": true,
        "name": "Login Section",
        "content": {
            "images": {
                "login_image": {
                    "size": "800x400"
                }
            },
            "heading": "text"
        }
    },
    "register": {
        "builder": true,
        "no_selection": true,
        "name": "Register Section",
        "content": {
            "images": {
                "register_image": {
                    "size": "800x400"
                }
            },
            "heading": "text"
        }
    },
    "kyc_content": {
        "builder": true,
        "no_selection": true,
        "name": "Kyc content section",
        "content": {
            "unverified_content": "textarea",
            "pending_content": "textarea"
        }
    },
    "affiliation": {
        "builder": true,
        "no_selection": false,
        "name": "Affiliation",
        "content": {
            "heading": "text",
            "subheading": "text"
        },
        "element": {
            "level": "text",
            "commission": "text",
            "description": "textarea",
            "modal": true
        }
    },
    "banned": {
        "builder": true,
        "no_selection": true,
        "name": "Banned Page",
        "content": {
            "images": {
                "image": {
                    "size": "700x400"
                }
            },
            "heading": "text"
        }
    },
    "subscribe": {
        "builder": true,
        "name": "Subscribe Section",
        "content": {
            "heading": "text",
            "subheading": "text"
        }
    },
    "trustpilot_review":{
        "builder":true,
        "name":"Trustpilot Review",
        "content":{
            "heading":"text",
            "subheading":"text"
        },
        "modal":true
    }
}
